Title,Price,Shipping,Hotness
GTX960 4GB DDR5 128Bit Gaming Graphics Card With HDMI VGA DVI for Computer,C $63.43,Free Shipping,109 Sold
MSI Gaming X RX 570 4GB Graphics Card / GPU,C $110.00,+C $22.16 shipping,11 Sold
GTX960 4GB DDR5 128Bit Gaming Graphics Card With HDMI VGA DVI for Computer,C $63.43,Free Shipping,109 Sold
GT730 2GB DDR3 DVI VGA HDMI PCI-E Home Computer Graphics Card,C $46.89,Free Shipping,
R7 128Bit GTX 4GB DDR5 Graphics Card Video DVI VGA HDMI PCI Express 2.0 4GB,C $39.58,+C $1.98 shipping,29 Watching
GT730 2GB DDR3 DVI VGA HDMI PCI-E Home Computer Graphics Card,C $46.89,Free Shipping,
EVGA GeForce GTX 570 1280MB GDDR5 Graphics Card 012-P3-1570-AR,C $39.99,+C $19.27 shipping,
New Sapphire Pulse Radeon RX 580 4GB Graphics Card,"C $178.41
Trending at
C $218.06",+C $36.61 shipping,
R7 128Bit GTX 4GB DDR5 Graphics Card Video DVI VGA HDMI PCI Express 2.0 4GB,C $39.58,+C $1.98 shipping,29 Watching
HD7670 4GB DDR5 128 Bit PCI-Express Durable Game Video Graphics Card CA,C $56.85,Free Shipping,"Only 1 left!

					6 Sold"
GT730 2GB GDDR3 64bit for NVIDIA GeForce PCI-E Gaming Video Graphics Card P2O7F,C $41.48,Free Shipping,25 Sold
NVIDIA GeForce GT730 4GB DDR5 128Bit DVI VGA PCI-Express Video Graphics Card Top,C $59.28,+C $2.63 shipping,93 Sold
"GIGABYTE GeForce GTX 1660 Ti OC 6G Graphics Card, 2 x WINDFORCE Fans, 6GB 192-Bi",C $359.99,+C $4.99 shipping,
"GIGABYTE GeForce RTX 2070 Super WINDFORCE OC 3X 8G Graphics Card, 3 x WINDFORCE",C $679.99,+C $7.99 shipping,
SAPPHIRE NITRO R9 FURY 4GB Gaming Graphics Card |  (2-3 Day Shipping),C $158.52,+C $18.74 shipping,29 Watching
AMD FIREPRO M5100 2GB DDR5 MXM GPU Graphics Card For Dell M4600 M4700 M4800,C $51.51,Free Shipping,23 Watching
LED Acrylic Graphics Card Bracket use for Brace GPU RGB Sync Light use Fix Video,C $23.67,Free Shipping,22+ Watching
"GIGABYTE Radeon RX 590 Gaming 8G Graphics Card, 2 x WINDFORCE Fans, 8GB 256-Bit",C $269.99,+C $4.99 shipping,
"GIGABYTE GeForce GTX 1660 OC 6G Graphics Card, 2 x WINDFORCE Fans, 6GB 192-Bit G",C $309.00,+C $4.99 shipping,
"ZOTAC GAMING GeForce GTX 1660 6GB GDDR5 192-bit Gaming Graphics Card, Super Comp",C $301.99,Free Shipping,8 Watching
AMD FirePro W4100 2GB GDDR5 Quad Display Graphics Card,C $125.00,+C $18.10 shipping,
"GIGABYTE GeForce RTX 2060 Super WINDFORCE OC 8G Graphics Card, 2 x WINDFORCE Fan",C $549.99,+C $7.99 shipping,
"GIGABYTE Radeon RX 5700 XT GAMING OC 8G Graphics Card, PCIe 4.0, 8GB 256-Bit GDD",C $574.99,+C $4.99 shipping,
"GIGABYTE GeForce RTX 2080 Super GAMING OC 8G Graphics Card, 3 x WINDFORCE Fans,",C $964.99,+C $8.99 shipping,
"ZOTAC GAMING GeForce GTX 1660 Ti 6GB GDDR6 192-bit Gaming Graphics Card, Super C",C $396.99,Free Shipping,
"GIGABYTE GeForce GTX 1660 Ti WINDFORCE OC 6G Graphics Card, 2 x WINDFORCE Fans,",C $389.99,+C $4.99 shipping,
Laptop External Independent Video Card Graphics Dock V8.0 EXP GDC Beast L9S3,C $49.18,Free Shipping,
